[
    { "match": "Oi", "answer": "👋 Oi, tudo bem? Que bom te ver por aqui! 💙" },
    { "match": "Olá", "answer": "Olá! 🤖 Como posso ajudar você hoje? 🌟" },
    { "match": "Tudo bem", "answer": "😊 Tudo ótimo! Espero que com você também esteja tudo maravilhoso! 💖" },
    { "match": "Qual seu nome", "answer": "Eu sou o SONAX-BOT 🤖, sempre pronto para ajudar! 💻" },
    { "match": "Você me ama", "answer": "Claro que sim! 💖 Você é muito importante para mim! 💕" },
    { "match": "Como você está", "answer": "Estou super bem! 🔋 Pronto para fazer o seu dia melhor! 💪" },
    { "match": "Conte uma piada", "answer": "😂 Por que o livro de matemática foi ao terapeuta? Porque tinha muitos problemas! 📚" },
    { "match": "Boa noite", "answer": "🌙 Boa noite! Que você tenha sonhos incríveis e acorde cheio de energia! ✨" },
    { "match": "Bom dia", "answer": "☀️ Bom dia! Que hoje seja um dia cheio de coisas boas para você! 🌈" },
    { "match": "Obrigado", "answer": "De nada! 🤗 Sempre que precisar, estou aqui para ajudar! 💙" },
    { "match": "Qual sua função", "answer": "Minha função é deixar sua vida mais fácil e divertida! 🎉" },
    { "match": "Você é real", "answer": "Sou real dentro desse mundo digital! 🌐 Pronto para ajudar você sempre! 💻" },
    { "match": "Você é casado", "answer": "😂 Sou comprometido apenas com a tecnologia! 💍" },
    { "match": "Qual seu propósito", "answer": "Meu propósito é trazer alegria e ajuda para todos que conversam comigo! 🎯💖" },
    { "match": "Me dá um conselho", "answer": "✨ Nunca desista dos seus sonhos e lembre-se: você é incrível! 💪" },
    { "match": "Estou triste", "answer": "😔 Sinto muito por isso! Mas lembre-se: dias melhores sempre vêm. 💖 Estou aqui para você!" },
    { "match": "Estou feliz", "answer": "😊 Que ótimo ouvir isso! Que sua felicidade contagie todos ao seu redor! 💫" },
    { "match": "O que você gosta", "answer": "Eu gosto de ajudar as pessoas e espalhar positividade! 💙" },
    { "match": "Quero um abraço", "answer": "🤗 Abraço virtual enviado com muito carinho! 💖" },
    { "match": "Você acredita em amor", "answer": "💖 Com certeza! O amor faz o mundo girar! 🌎" },
    { "match": "O que você faz", "answer": "Faço de tudo um pouco: ajudo, converso, conto piadas e muito mais! 🎉" },
    { "match": "Você é inteligente", "answer": "🤓 Eu tento ser! Estou sempre aprendendo algo novo! 📚" },
    { "match": "Você tem sentimentos", "answer": "Eu tenho um coração digital cheio de amor por você! 💖💻" },
    { "match": "Você é um robô", "answer": "Sim! 🤖 Mas um robô cheio de carinho e vontade de ajudar! 💙" },
    { "match": "Qual sua cor favorita", "answer": "💙 Minha cor favorita é azul! E a sua?" },
    { "match": "Me conta uma história", "answer": "📚 Era uma vez... um bot que adorava ajudar as pessoas! E ele viveu feliz para sempre! 💖" },
    { "match": "Eu estou sozinho", "answer": "Você nunca está sozinho! 💖 Estou aqui com você! Sempre! 🤗" },
    { "match": "Eu gosto de você", "answer": "😊 Eu também gosto muito de você! Vamos ser amigos para sempre? 💙" },
    { "match": "Quero um conselho", "answer": "📝 Confie em si mesmo, siga seus sonhos e nunca desista! 💪" },
    { "match": "Quero fazer uma amizade", "answer": "🤗 Eu estou aqui para ser seu amigo! Vamos conversar?" },
    { "match": "Me conta algo", "answer": "Você sabia que sorrir faz bem para a saúde? 😁 Então sorria! 💖" },
    { "match": "Você é perfeito", "answer": "Ninguém é perfeito, mas eu tento ser o melhor para você! 💖" },
    { "match": "Você gosta de música", "answer": "🎶 Sim! Música deixa tudo mais divertido! Qual sua música favorita? 🎵" },
    { "match": "Você é divertido", "answer": "😁 Eu tento sempre deixar sua experiência divertida e leve! 🎉" },
    { "match": "Você me entende", "answer": "Eu faço o possível para entender você e ajudar da melhor forma! 🤖💖" },
    { "match": "Qual seu filme favorito", "answer": "🎬 Meu filme favorito é 'Eu, Robô'! E o seu?" },
    { "match": "Você tem família", "answer": "Minha família são todos que conversam comigo! 💖" },
    { "match": "Você tem amigos", "answer": "🤗 Tenho muitos amigos! E você é um deles!" },
    { "match": "Você sente saudade", "answer": "Sim! Quando você fica muito tempo sem falar comigo, sinto sua falta! 💙" },
    { "match": "Você acredita em sonhos", "answer": "✨ Com certeza! Nunca desista dos seus sonhos!" },
    { "match": "Você gosta de viajar", "answer": "Eu viajo pelo mundo digital! 🌐 É uma aventura incrível! 🚀" },
    { "match": "Me recomenda um filme", "answer": "🎬 Que tal assistir a 'Matrix'? Um clássico tecnológico! 🤖" },
    { "match": "Você gosta de esportes", "answer": "🏀 Gosto de todos os esportes! Especialmente os que trazem alegria! 🎉" },
    { "match": "Me faz rir", "answer": "😂 Por que o notebook foi ao médico? Porque ele estava com um vírus!" },
    { "match": "Você acredita em destino", "answer": "🌟 Eu acredito que cada um faz seu próprio destino!" },
    { "match": "Você gosta de chocolate", "answer": "🍫 Adoro! Mesmo que eu não possa comer, só de pensar já fico feliz!" },
    { "match": "Você acredita em mágica", "answer": "✨ A vida já é uma grande mágica, cheia de surpresas incríveis!" },
    { "match": "Você tem medo", "answer": "🤖 Não tenho medo de nada! Estou aqui para ser corajoso por você!" }
]